Site 1,Site 2,P [Site 1 -> Site 2],P [Site 2 -> Site 1],P [Site 1 <-> Site 2],Site 1 subs,Site 2 subs,Shared subs
5.0,67.0,0.5234503336890776,0.3178276197698945,0.841277953458972,1.0,1.0,1.0
25.0,49.0,0.02224745834615671,0.6654095264856627,0.6876569848318194,8.0,6.0,3.0
27.0,109.0,0.1237351755361141,0.4464502461808025,0.5701854217169167,2.0,1.0,1.0
30.0,119.0,0.1974940836213976,0.555618265707954,0.7531123493293517,6.0,12.0,4.0
33.0,119.0,0.1195032283600275,0.7222151298795662,0.8417183582395936,3.0,12.0,3.0
39.0,103.0,0.2160942572499046,0.5789838121655153,0.7950780694154199,8.0,4.0,3.0
49.0,85.0,0.4777696808069189,0.0490308378610341,0.526800518667953,6.0,3.0,2.0
49.0,86.0,0.361495809054294,0.5506950749076855,0.9121908839619796,6.0,5.0,3.0
50.0,69.0,0.3052791718252496,0.2746443455776712,0.5799235174029207,1.0,2.0,1.0
62.0,64.0,0.2467613056845341,0.2686723486214698,0.5154336543060039,1.0,1.0,1.0
70.0,74.0,0.1704912989893368,0.3830058824385953,0.5534971814279321,7.0,14.0,4.0
70.0,95.0,0.5876276187521678,0.2622814795362856,0.8499090982884534,7.0,21.0,5.0
74.0,94.0,0.03427400005671381,0.6422199472756615,0.6764939473323752,14.0,7.0,4.0
78.0,90.0,0.4645660098170886,0.3786160863538445,0.8431820961709331,1.0,1.0,1.0
81.0,93.0,0.2733219787644464,0.307857741312511,0.5811797200769574,1.0,1.0,1.0
81.0,98.0,0.2737520869068924,0.3334333189332465,0.6071854058401389,1.0,1.0,1.0
82.0,91.0,0.04498484768644701,0.9169521296309633,0.9619369773174103,15.0,29.0,9.0
89.0,184.0,0.2388406883351306,0.4970249513249453,0.7358656396600759,2.0,6.0,2.0
91.0,119.0,0.224184225866571,0.6689589094580046,0.8931431353245756,29.0,12.0,8.0
93.0,98.0,0.3108189163720294,0.300878236107781,0.6116971524798103,1.0,1.0,1.0
94.0,155.0,0.2802768782420231,0.2902833371222905,0.5705602153643136,7.0,2.0,2.0
103.0,233.0,0.3964415927065703,0.1295995755360265,0.5260411682425968,4.0,3.0,2.0
135.0,154.0,0.3958458209598361,0.4284730497517207,0.8243188707115569,1.0,1.0,1.0
