Site 1,Site 2,P [Site 1 –> Site 2],P [Site 2 –> Site 1],P [Site 1 <–> Site 2],Site 1 subs,Site 2 subs,Shared subs
15.0,72.0,0.3804045588655729,0.3998677681566917,0.7802723270222647,2.0,3.0,2.0
18.0,19.0,0.2148446961721306,0.3072223694345818,0.5220670656067123,5.0,2.0,2.0
20.0,23.0,0.2388070112239318,0.3346734560213009,0.5734804672452327,1.0,1.0,1.0
22.0,75.0,0.2551264880649515,0.2671438341066634,0.5222703221716148,1.0,1.0,1.0
34.0,59.0,0.4057240754238453,0.2782635104755304,0.6839875858993756,2.0,5.0,2.0
37.0,71.0,0.200095989797336,0.304311647928557,0.504407637725893,5.0,2.0,2.0
38.0,57.0,0.5062255084495206,0.270303343868508,0.7765288523180286,2.0,3.0,2.0
38.0,62.0,0.427511258768597,0.1809923803456446,0.6085036391142415,2.0,4.0,2.0
66.0,74.0,0.3825893106532063,0.4568295795637511,0.8394188902169575,3.0,2.0,2.0
69.0,72.0,0.06616344717069267,0.5157795708357382,0.5819430180064309,3.0,3.0,2.0
