Site 1,Site 2,P [Site 1 –> Site 2],P [Site 2 –> Site 1],P [Site 1 <–> Site 2],Site 1 subs,Site 2 subs,Shared subs
84.0,85.0,0.3194563264319252,0.2916503354521026,0.6111066618840278,3.0,3.0,3.0
84.0,87.0,0.3201323530851547,0.2625067085858535,0.5826390616710082,3.0,3.0,3.0
85.0,87.0,0.2917037750807331,0.3019379428886576,0.5936417179693907,3.0,3.0,3.0
