Site 1,Site 2,P [Site 1 –> Site 2],P [Site 2 –> Site 1],P [Site 1 <–> Site 2],Site 1 subs,Site 2 subs,Shared subs
7.0,18.0,0.2633096382211644,0.2786326446384504,0.5419422828596149,1.0,1.0,1.0
