Site 1,Site 2,P [Site 1 –> Site 2],P [Site 2 –> Site 1],P [Site 1 <–> Site 2],Site 1 subs,Site 2 subs,Shared subs
26.0,28.0,0.4667555456479811,0.03955851781913106,0.5063140634671122,3.0,6.0,3.0
26.0,32.0,0.5698577303067307,0.06632966767075972,0.6361873979774905,3.0,2.0,2.0
36.0,52.0,0.3518554856105242,0.3576680676801054,0.7095235532906297,2.0,2.0,2.0
