Site 1,Site 2,P [Site 1 –> Site 2],P [Site 2 –> Site 1],P [Site 1 <–> Site 2],Site 1 subs,Site 2 subs,Shared subs
162.0,175.0,0.2980384668770205,0.2414755689017392,0.5395140357787597,1.0,1.0,1.0
200.0,212.0,0.1473162327234921,0.3996812797066843,0.5469975124301765,3.0,2.0,2.0
