Site 1,Site 2,P [Site 1 –> Site 2],P [Site 2 –> Site 1],P [Site 1 <–> Site 2],Site 1 subs,Site 2 subs,Shared subs
31.0,108.0,0.33747935099204,0.2855470658138555,0.6230264168058955,2.0,2.0,2.0
39.0,369.0,0.2847318778146892,0.3297816142627572,0.6145134920774463,2.0,2.0,2.0
47.0,66.0,0.1232952473939209,0.5876784708571171,0.7109737182510381,4.0,3.0,3.0
57.0,124.0,0.3082932965492668,0.2500082144807986,0.5583015110300653,2.0,2.0,2.0
60.0,139.0,0.486457228672768,0.4168239740318099,0.9032812027045779,3.0,3.0,3.0
66.0,281.0,0.421938532369443,0.3036967937448113,0.7256353261142543,3.0,4.0,3.0
75.0,242.0,0.384118544131186,0.4031012924803533,0.7872198366115393,2.0,2.0,2.0
87.0,363.0,0.2771528322999937,0.297136619673334,0.5742894519733277,2.0,2.0,2.0
105.0,265.0,0.3444313362218724,0.2293864313463474,0.5738177675682198,2.0,2.0,2.0
129.0,257.0,0.3791378482505274,0.3517963140183099,0.7309341622688372,2.0,2.0,2.0
