Site 1,Site 2,P [Site 1 –> Site 2],P [Site 2 –> Site 1],P [Site 1 <–> Site 2],Site 1 subs,Site 2 subs,Shared subs
9.0,297.0,0.3407653209706482,0.2306515120996417,0.5714168330702899,2.0,3.0,2.0
21.0,209.0,0.119749667197257,0.6404703902039205,0.7602200574011775,5.0,3.0,3.0
172.0,246.0,0.3736364221002914,0.1289462911052058,0.5025827132054972,2.0,3.0,2.0
177.0,280.0,0.4778108670035008,0.2812778050420241,0.759088672045525,2.0,3.0,2.0
180.0,251.0,0.2663703208214759,0.2665471424870408,0.5329174633085167,1.0,1.0,1.0
