Site 1,Site 2,P [Site 1 –> Site 2],P [Site 2 –> Site 1],P [Site 1 <–> Site 2],Site 1 subs,Site 2 subs,Shared subs
35.0,138.0,0.2617075705316433,0.2848850752403688,0.5465926457720122,1.0,1.0,1.0
97.0,176.0,0.4146677140671761,0.4953230142409014,0.9099907283080775,4.0,3.0,3.0
152.0,186.0,0.3773725232082019,0.4046018826450027,0.7819744058532047,2.0,3.0,2.0
154.0,182.0,0.4412901968953252,0.3988824577324968,0.8401726546278221,2.0,2.0,2.0
164.0,192.0,0.4590936989409435,0.09932228917032726,0.5584159881112708,2.0,3.0,2.0
