Site 1,Site 2,P [Site 1 –> Site 2],P [Site 2 –> Site 1],P [Site 1 <–> Site 2],Site 1 subs,Site 2 subs,Shared subs
1.0,2.0,0.5374070637006174,0.2876775178335639,0.8250845815341814,5.0,6.0,4.0
